{"count":1,"self":90.7482048,"total":91.5158604,"children":{"InitializeActuators":{"count":2,"self":0.0019437999999999999,"total":0.0019437999999999999,"children":null},"InitializeSensors":{"count":2,"self":0.0019852999999999997,"total":0.0019852999999999997,"children":null},"AgentSendState":{"count":4335,"self":0.0353855,"total":0.0674215,"children":{"CollectObservations":{"count":867,"self":0.024154199999999997,"total":0.024154199999999997,"children":null},"WriteActionMask":{"count":867,"self":0.00017419999999999998,"total":0.00017419999999999998,"children":null},"RequestDecision":{"count":867,"self":0.0077075999999999993,"total":0.0077075999999999993,"children":null}}},"DecideAction":{"count":4335,"self":0.628185,"total":0.628185,"children":null},"AgentAct":{"count":4335,"self":0.067140999999999992,"total":0.067140999999999992,"children":null}},"gauges":{"TennisPlayerBehavior.CumulativeReward":{"count":13,"max":18.3350754,"min":-39.96869,"runningAverage":-9.835398,"value":-28.6573811,"weightedAverage":-20.6859264}},"metadata":{"timer_format_version":"0.1.0","start_time_seconds":"1704868869","unity_version":"2022.3.1f1","command_line_arguments":"C:\\Program Files\\Unity\\Hub\\Editor\\2022.3.1f1\\Editor\\Unity.exe -projectpath C:\\Users\\alexs\\Documents\\ISEN_Lille\\M2\\Unity_Projects\\plombier-raquette -useHub -hubIPC -cloudEnvironment production -licensingIpc LicenseClient-alexs -hubSessionId 990f547b-920e-4701-bf0d-556c66b4b934 -accessToken OFXkqAJDBpqOuz78MDGhAaK89VyaqtloOeHgvno0T0s001f","communication_protocol_version":"1.5.0","com.unity.ml-agents_version":"2.0.1","scene_name":"AI_Scene","end_time_seconds":"1704868961"}}